"2","1","2015-05-27 13:37:12","2015-05-27 13:37:12","Esta é uma página de exemplo. É diferente de um post porque ela ficará em um local e será exibida na navegação do seu site (na maioria dos temas). A maioria das pessoas começa com uma página de introdução aos potenciais visitantes do site. Ela pode ser assim:
<blockquote>Olá! Eu sou um bike courrier de dia, ator amador à noite e este é meu blog. Eu moro em São Paulo, tenho um cachorro chamado Tonico e eu gosto de caipirinhas. (E de ser pego pela chuva.)</blockquote>
ou assim:
<blockquote>A XYZ foi fundada em 1971 e desde então vem proporcionando produtos de qualidade a seus clientes. Localizada em Valinhos, XYZ emprega mais de 2.000 pessoas e faz várias contribuições para a comunidade local.</blockquote>
Como um novo usuário do WordPress, você deve ir até o <a href=""http://localhost/folha/wp-admin/"">seu painel</a> para excluir essa página e criar novas páginas com seu próprio conteúdo. Divirta-se!","Página de Exemplo",,"publish","open","open",,"pagina-exemplo",,,"2015-06-08 18:11:13","2015-06-08 18:11:13",,"0","http://localhost/folha/?page_id=2","0","page",,"0"
"4","1","2015-05-28 17:51:19","2015-05-28 17:51:19",,"profitmag",,"inherit","open","open",,"profitmag",,,"2015-05-28 17:51:19","2015-05-28 17:51:19",,"0","http://localhost/folha/wp-content/uploads/2015/05/profitmag.png","0","attachment","image/png","0"
"5","1","2015-05-28 17:52:12","2015-05-28 17:52:12","http://localhost/folha/wp-content/uploads/2015/05/cropped-profitmag.png","cropped-profitmag.png",,"inherit","open","open",,"cropped-profitmag-png",,,"2015-05-28 17:52:12","2015-05-28 17:52:12",,"0","http://localhost/folha/wp-content/uploads/2015/05/cropped-profitmag.png","0","attachment","image/png","0"
"6","1","2015-05-28 18:01:56","2015-05-28 18:01:56",,"profitmag1",,"inherit","open","open",,"profitmag1",,,"2015-05-28 18:01:56","2015-05-28 18:01:56",,"0","http://localhost/folha/wp-content/uploads/2015/05/profitmag1.png","0","attachment","image/png","0"
"7","1","2015-05-28 18:02:04","2015-05-28 18:02:04","http://localhost/folha/wp-content/uploads/2015/05/cropped-profitmag1.png","cropped-profitmag1.png",,"inherit","open","open",,"cropped-profitmag1-png",,,"2015-05-28 18:02:04","2015-05-28 18:02:04",,"0","http://localhost/folha/wp-content/uploads/2015/05/cropped-profitmag1.png","0","attachment","image/png","0"
"8","1","2015-05-28 18:21:38","2015-05-28 18:21:38","http://localhost/folha/wp-content/uploads/2015/05/cropped-profitmag11.png","cropped-profitmag11.png",,"inherit","open","open",,"cropped-profitmag11-png",,,"2015-06-08 18:20:10","2015-06-08 18:20:10",,"12","http://localhost/folha/wp-content/uploads/2015/05/cropped-profitmag11.png","0","attachment","image/png","0"
"9","1","2015-06-08 17:52:56","2015-06-08 17:52:56",,"Home",,"publish","open","open",,"home",,,"2015-06-08 17:52:56","2015-06-08 17:52:56",,"0","http://localhost/folha/?page_id=9","0","page",,"0"
"10","1","2015-06-08 17:52:56","2015-06-08 17:52:56",,"Home",,"inherit","open","open",,"9-revision-v1",,,"2015-06-08 17:52:56","2015-06-08 17:52:56",,"9","http://localhost/folha/index.php/2015/06/08/9-revision-v1/","0","revision",,"0"
"12","1","2015-06-08 17:57:06","2015-06-08 17:57:06","Nulla luctus nibh id blandit malesuada. Interdum et malesuada fames ac ante ipsum primis in faucibus. Ut orci lacus, semper vitae leo ut, dignissim tincidunt nisl. Sed neque nisi, maximus vel odio vel, fringilla laoreet nunc. Nulla facilisi. Maecenas in ante ut ante suscipit dapibus. Donec vitae nisi efficitur, consequat nibh non, ullamcorper turpis. Fusce lorem est, iaculis vel mattis vitae, faucibus imperdiet sapien. Maecenas quis pretium eros. In sollicitudin nibh eu congue feugiat. Maecenas sed libero sed diam pulvinar consequat. Morbi bibendum et risus dapibus viverra. Sed quis imperdiet libero, vitae lacinia nulla. Donec facilisis eu nulla nec sodales. Nullam aliquam iaculis scelerisque.

Interdum et malesuada fames ac ante ipsum primis in faucibus. Phasellus et turpis pretium, varius eros in, lacinia elit. Maecenas condimentum sagittis volutpat. Donec orci mi, lobortis a suscipit at, efficitur a justo. Quisque elit justo, tempor nec fermentum eget, dignissim et enim. Pellentesque et velit leo. Maecenas congue dapibus mauris finibus posuere. In nunc diam, porttitor et tincidunt vitae, pharetra sit amet diam. Proin iaculis non erat ut sodales. Sed malesuada sapien ante, at sollicitudin ipsum maximus ut.

Curabitur massa leo, laoreet ut interdum ut, iaculis ac eros. Nulla ac eros ultricies elit semper interdum. Sed sodales risus enim, vel pharetra mauris pretium aliquet. Nam quis pulvinar metus. In hac habitasse platea dictumst. Sed ac malesuada neque, ac aliquet est. Aenean nec feugiat elit, a rutrum ex. In mauris diam, mattis lobortis metus eget, molestie interdum est. Etiam varius iaculis magna sit amet consequat. Pellentesque odio nulla, pharetra et auctor vel, pharetra ac nisi. Sed eleifend aliquet vehicula. Phasellus tincidunt nunc a lacus tempus, id gravida dui sodales. Duis vel condimentum eros. Ut pharetra, diam eu efficitur bibendum, leo risus pharetra massa, ut ultrices urna leo at dui. Sed volutpat neque id quam auctor convallis.

Integer rutrum dignissim mi, vitae laoreet turpis. Ut lobortis diam ut pretium consequat. Vivamus feugiat vitae dolor sit amet commodo. Maecenas semper sollicitudin mi. Vivamus tempus, sapien eu dignissim gravida, justo odio luctus sem, at malesuada eros tortor nec ipsum. In hac habitasse platea dictumst. Vivamus eget dui at nulla condimentum placerat sagittis tempus ipsum. Nulla facilisi. Vivamus at turpis a velit gravida volutpat. Fusce augue leo, sagittis sollicitudin scelerisque eget, dapibus quis ipsum. Cras tempor sodales tellus non rhoncus. Vestibulum ante ipsum primis in faucibus orci luctus et ultrices posuere cubilia Curae; Vestibulum lectus mauris, aliquam quis aliquam non, blandit et lectus. Fusce dapibus lectus non vulputate feugiat. Quisque tempus ante eget ante facilisis ultricies. Interdum et malesuada fames ac ante ipsum primis in faucibus.","Postagem 1",,"publish","open","open",,"postagem-1",,,"2015-06-09 21:36:34","2015-06-09 21:36:34",,"0","http://localhost/folha/?p=12","0","post",,"0"
"13","1","2015-06-08 17:57:06","2015-06-08 17:57:06","Nulla luctus nibh id blandit malesuada. Interdum et malesuada fames ac ante ipsum primis in faucibus. Ut orci lacus, semper vitae leo ut, dignissim tincidunt nisl. Sed neque nisi, maximus vel odio vel, fringilla laoreet nunc. Nulla facilisi. Maecenas in ante ut ante suscipit dapibus. Donec vitae nisi efficitur, consequat nibh non, ullamcorper turpis. Fusce lorem est, iaculis vel mattis vitae, faucibus imperdiet sapien. Maecenas quis pretium eros. In sollicitudin nibh eu congue feugiat. Maecenas sed libero sed diam pulvinar consequat. Morbi bibendum et risus dapibus viverra. Sed quis imperdiet libero, vitae lacinia nulla. Donec facilisis eu nulla nec sodales. Nullam aliquam iaculis scelerisque.

Interdum et malesuada fames ac ante ipsum primis in faucibus. Phasellus et turpis pretium, varius eros in, lacinia elit. Maecenas condimentum sagittis volutpat. Donec orci mi, lobortis a suscipit at, efficitur a justo. Quisque elit justo, tempor nec fermentum eget, dignissim et enim. Pellentesque et velit leo. Maecenas congue dapibus mauris finibus posuere. In nunc diam, porttitor et tincidunt vitae, pharetra sit amet diam. Proin iaculis non erat ut sodales. Sed malesuada sapien ante, at sollicitudin ipsum maximus ut.

Curabitur massa leo, laoreet ut interdum ut, iaculis ac eros. Nulla ac eros ultricies elit semper interdum. Sed sodales risus enim, vel pharetra mauris pretium aliquet. Nam quis pulvinar metus. In hac habitasse platea dictumst. Sed ac malesuada neque, ac aliquet est. Aenean nec feugiat elit, a rutrum ex. In mauris diam, mattis lobortis metus eget, molestie interdum est. Etiam varius iaculis magna sit amet consequat. Pellentesque odio nulla, pharetra et auctor vel, pharetra ac nisi. Sed eleifend aliquet vehicula. Phasellus tincidunt nunc a lacus tempus, id gravida dui sodales. Duis vel condimentum eros. Ut pharetra, diam eu efficitur bibendum, leo risus pharetra massa, ut ultrices urna leo at dui. Sed volutpat neque id quam auctor convallis.

Integer rutrum dignissim mi, vitae laoreet turpis. Ut lobortis diam ut pretium consequat. Vivamus feugiat vitae dolor sit amet commodo. Maecenas semper sollicitudin mi. Vivamus tempus, sapien eu dignissim gravida, justo odio luctus sem, at malesuada eros tortor nec ipsum. In hac habitasse platea dictumst. Vivamus eget dui at nulla condimentum placerat sagittis tempus ipsum. Nulla facilisi. Vivamus at turpis a velit gravida volutpat. Fusce augue leo, sagittis sollicitudin scelerisque eget, dapibus quis ipsum. Cras tempor sodales tellus non rhoncus. Vestibulum ante ipsum primis in faucibus orci luctus et ultrices posuere cubilia Curae; Vestibulum lectus mauris, aliquam quis aliquam non, blandit et lectus. Fusce dapibus lectus non vulputate feugiat. Quisque tempus ante eget ante facilisis ultricies. Interdum et malesuada fames ac ante ipsum primis in faucibus.","Postagem 1",,"inherit","open","open",,"12-revision-v1",,,"2015-06-08 17:57:06","2015-06-08 17:57:06",,"12","http://localhost/folha/index.php/2015/06/08/12-revision-v1/","0","revision",,"0"
"14","1","2015-06-08 17:58:05","2015-06-08 17:58:05","<div id=""lipsum"">

Lorem ipsum dolor sit amet, consectetur adipiscing elit. Integer congue euismod turpis, nec dignissim purus venenatis eget. Fusce vel odio massa. Integer aliquam interdum libero vel varius. Quisque sollicitudin vitae dolor at cursus. Nullam tempor semper ornare. Etiam pharetra pretium iaculis. Cras eget dictum nunc, vitae dapibus leo. Aenean consectetur, mauris a sollicitudin efficitur, orci ante rhoncus justo, vel interdum urna sem non nunc.

Mauris interdum a eros sit amet ultrices. Morbi accumsan metus sed dui imperdiet pulvinar. Nulla gravida lorem enim, vitae commodo tortor bibendum a. Donec tincidunt nulla leo. Suspendisse ut sapien at enim luctus varius lacinia nec diam. Nam mollis tristique maximus. Quisque sollicitudin, arcu et finibus maximus, tellus lectus fermentum eros, ac tempor mi risus nec lacus. Nam et lacus in ante malesuada imperdiet. Aliquam fringilla nisi leo, nec vestibulum nisi suscipit a. Praesent suscipit arcu neque, non tempor justo tincidunt id. Donec vitae pellentesque est. Nunc euismod nisl id porta convallis. Phasellus ex tortor, rutrum eu arcu eget, congue rhoncus sem.

Etiam ornare libero in erat rutrum, id condimentum lacus hendrerit. Maecenas augue ligula, fringilla vitae maximus in, aliquam non orci. Vestibulum scelerisque arcu sit amet arcu tristique porttitor. Curabitur tincidunt finibus enim sed maximus. Integer iaculis ante et turpis laoreet sodales. Aenean pellentesque mi in ipsum viverra, eget volutpat orci vehicula. Etiam in quam eros.

Quisque facilisis, orci ut aliquet blandit, nunc purus facilisis mi, id efficitur sapien nisl blandit libero. Nulla non leo quam. Maecenas quis orci mollis, tempor felis at, vulputate tortor. Suspendisse semper, mi eget ultricies facilisis, sem est tempor metus, eget malesuada neque mauris eu erat. Integer cursus dignissim hendrerit. Aenean vitae ex eu tellus facilisis rhoncus pretium sed magna. Duis at est faucibus, iaculis magna eu, faucibus diam. In id hendrerit nibh, eu facilisis nunc. Suspendisse neque erat, congue sodales semper vel, interdum id orci. Quisque laoreet semper ligula.

Praesent lobortis, orci a viverra porttitor, magna dolor ullamcorper ligula, a ornare arcu lorem in nibh. Integer hendrerit blandit sagittis. Nunc sit amet nulla nec ex finibus porta nec ut velit. Nam ac varius metus, in pellentesque velit. Duis at felis fermentum, varius massa sed, fringilla lacus. Donec mattis massa sit amet tempor aliquam. In id urna nisl. Etiam mauris lectus, vestibulum ut felis in, ullamcorper elementum orci. Quisque quis tempus erat, eu volutpat augue.

</div>","Postagem 2",,"publish","open","open",,"postagem-2",,,"2015-06-09 21:36:53","2015-06-09 21:36:53",,"0","http://localhost/folha/?p=14","0","post",,"0"
"15","1","2015-06-08 17:58:05","2015-06-08 17:58:05","<div id=""lipsum"">

Lorem ipsum dolor sit amet, consectetur adipiscing elit. Integer congue euismod turpis, nec dignissim purus venenatis eget. Fusce vel odio massa. Integer aliquam interdum libero vel varius. Quisque sollicitudin vitae dolor at cursus. Nullam tempor semper ornare. Etiam pharetra pretium iaculis. Cras eget dictum nunc, vitae dapibus leo. Aenean consectetur, mauris a sollicitudin efficitur, orci ante rhoncus justo, vel interdum urna sem non nunc.

Mauris interdum a eros sit amet ultrices. Morbi accumsan metus sed dui imperdiet pulvinar. Nulla gravida lorem enim, vitae commodo tortor bibendum a. Donec tincidunt nulla leo. Suspendisse ut sapien at enim luctus varius lacinia nec diam. Nam mollis tristique maximus. Quisque sollicitudin, arcu et finibus maximus, tellus lectus fermentum eros, ac tempor mi risus nec lacus. Nam et lacus in ante malesuada imperdiet. Aliquam fringilla nisi leo, nec vestibulum nisi suscipit a. Praesent suscipit arcu neque, non tempor justo tincidunt id. Donec vitae pellentesque est. Nunc euismod nisl id porta convallis. Phasellus ex tortor, rutrum eu arcu eget, congue rhoncus sem.

Etiam ornare libero in erat rutrum, id condimentum lacus hendrerit. Maecenas augue ligula, fringilla vitae maximus in, aliquam non orci. Vestibulum scelerisque arcu sit amet arcu tristique porttitor. Curabitur tincidunt finibus enim sed maximus. Integer iaculis ante et turpis laoreet sodales. Aenean pellentesque mi in ipsum viverra, eget volutpat orci vehicula. Etiam in quam eros.

Quisque facilisis, orci ut aliquet blandit, nunc purus facilisis mi, id efficitur sapien nisl blandit libero. Nulla non leo quam. Maecenas quis orci mollis, tempor felis at, vulputate tortor. Suspendisse semper, mi eget ultricies facilisis, sem est tempor metus, eget malesuada neque mauris eu erat. Integer cursus dignissim hendrerit. Aenean vitae ex eu tellus facilisis rhoncus pretium sed magna. Duis at est faucibus, iaculis magna eu, faucibus diam. In id hendrerit nibh, eu facilisis nunc. Suspendisse neque erat, congue sodales semper vel, interdum id orci. Quisque laoreet semper ligula.

Praesent lobortis, orci a viverra porttitor, magna dolor ullamcorper ligula, a ornare arcu lorem in nibh. Integer hendrerit blandit sagittis. Nunc sit amet nulla nec ex finibus porta nec ut velit. Nam ac varius metus, in pellentesque velit. Duis at felis fermentum, varius massa sed, fringilla lacus. Donec mattis massa sit amet tempor aliquam. In id urna nisl. Etiam mauris lectus, vestibulum ut felis in, ullamcorper elementum orci. Quisque quis tempus erat, eu volutpat augue.

</div>","Postagem 2",,"inherit","open","open",,"14-revision-v1",,,"2015-06-08 17:58:05","2015-06-08 17:58:05",,"14","http://localhost/folha/index.php/2015/06/08/14-revision-v1/","0","revision",,"0"
"16","1","2015-06-08 18:01:34","2015-06-08 18:01:34","Esta é uma página de exemplo. É diferente de um post porque ela ficará em um local e será exibida na navegação do seu site (na maioria dos temas). A maioria das pessoas começa com uma página de introdução aos potenciais visitantes do site. Ela pode ser assim:
<blockquote>Olá! Eu sou um bike courrier de dia, ator amador à noite e este é meu blog. Eu moro em São Paulo, tenho um cachorro chamado Tonico e eu gosto de caipirinhas. (E de ser pego pela chuva.)</blockquote>
ou assim:
<blockquote>A XYZ foi fundada em 1971 e desde então vem proporcionando produtos de qualidade a seus clientes. Localizada em Valinhos, XYZ emprega mais de 2.000 pessoas e faz várias contribuições para a comunidade local.</blockquote>
Como um novo usuário do WordPress, você deve ir até o <a href=""http://localhost/folha/wp-admin/"">seu painel</a> para excluir essa página e criar novas páginas com seu próprio conteúdo. Divirta-se!","Página de Exemplo",,"inherit","open","open",,"2-revision-v1",,,"2015-06-08 18:01:34","2015-06-08 18:01:34",,"2","http://localhost/folha/index.php/2015/06/08/2-revision-v1/","0","revision",,"0"
"18","1","2015-06-08 18:20:16","2015-06-08 18:20:16","<a href=""http://localhost/folha/wp-content/uploads/2015/05/cropped-profitmag11.png""><img class=""alignnone size-full wp-image-8"" src=""http://localhost/folha/wp-content/uploads/2015/05/cropped-profitmag11.png"" alt=""cropped-profitmag11.png"" width=""274"" height=""109"" /></a>Nulla luctus nibh id blandit malesuada. Interdum et malesuada fames ac ante ipsum primis in faucibus. Ut orci lacus, semper vitae leo ut, dignissim tincidunt nisl. Sed neque nisi, maximus vel odio vel, fringilla laoreet nunc. Nulla facilisi. Maecenas in ante ut ante suscipit dapibus. Donec vitae nisi efficitur, consequat nibh non, ullamcorper turpis. Fusce lorem est, iaculis vel mattis vitae, faucibus imperdiet sapien. Maecenas quis pretium eros. In sollicitudin nibh eu congue feugiat. Maecenas sed libero sed diam pulvinar consequat. Morbi bibendum et risus dapibus viverra. Sed quis imperdiet libero, vitae lacinia nulla. Donec facilisis eu nulla nec sodales. Nullam aliquam iaculis scelerisque.

Interdum et malesuada fames ac ante ipsum primis in faucibus. Phasellus et turpis pretium, varius eros in, lacinia elit. Maecenas condimentum sagittis volutpat. Donec orci mi, lobortis a suscipit at, efficitur a justo. Quisque elit justo, tempor nec fermentum eget, dignissim et enim. Pellentesque et velit leo. Maecenas congue dapibus mauris finibus posuere. In nunc diam, porttitor et tincidunt vitae, pharetra sit amet diam. Proin iaculis non erat ut sodales. Sed malesuada sapien ante, at sollicitudin ipsum maximus ut.

Curabitur massa leo, laoreet ut interdum ut, iaculis ac eros. Nulla ac eros ultricies elit semper interdum. Sed sodales risus enim, vel pharetra mauris pretium aliquet. Nam quis pulvinar metus. In hac habitasse platea dictumst. Sed ac malesuada neque, ac aliquet est. Aenean nec feugiat elit, a rutrum ex. In mauris diam, mattis lobortis metus eget, molestie interdum est. Etiam varius iaculis magna sit amet consequat. Pellentesque odio nulla, pharetra et auctor vel, pharetra ac nisi. Sed eleifend aliquet vehicula. Phasellus tincidunt nunc a lacus tempus, id gravida dui sodales. Duis vel condimentum eros. Ut pharetra, diam eu efficitur bibendum, leo risus pharetra massa, ut ultrices urna leo at dui. Sed volutpat neque id quam auctor convallis.

Integer rutrum dignissim mi, vitae laoreet turpis. Ut lobortis diam ut pretium consequat. Vivamus feugiat vitae dolor sit amet commodo. Maecenas semper sollicitudin mi. Vivamus tempus, sapien eu dignissim gravida, justo odio luctus sem, at malesuada eros tortor nec ipsum. In hac habitasse platea dictumst. Vivamus eget dui at nulla condimentum placerat sagittis tempus ipsum. Nulla facilisi. Vivamus at turpis a velit gravida volutpat. Fusce augue leo, sagittis sollicitudin scelerisque eget, dapibus quis ipsum. Cras tempor sodales tellus non rhoncus. Vestibulum ante ipsum primis in faucibus orci luctus et ultrices posuere cubilia Curae; Vestibulum lectus mauris, aliquam quis aliquam non, blandit et lectus. Fusce dapibus lectus non vulputate feugiat. Quisque tempus ante eget ante facilisis ultricies. Interdum et malesuada fames ac ante ipsum primis in faucibus.","Postagem 1",,"inherit","open","open",,"12-revision-v1",,,"2015-06-08 18:20:16","2015-06-08 18:20:16",,"12","http://localhost/folha/index.php/2015/06/08/12-revision-v1/","0","revision",,"0"
"19","1","2015-06-08 18:21:13","2015-06-08 18:21:13","Nulla luctus nibh id blandit malesuada. Interdum et malesuada fames ac ante ipsum primis in faucibus. Ut orci lacus, semper vitae leo ut, dignissim tincidunt nisl. Sed neque nisi, maximus vel odio vel, fringilla laoreet nunc. Nulla facilisi. Maecenas in ante ut ante suscipit dapibus. Donec vitae nisi efficitur, consequat nibh non, ullamcorper turpis. Fusce lorem est, iaculis vel mattis vitae, faucibus imperdiet sapien. Maecenas quis pretium eros. In sollicitudin nibh eu congue feugiat. Maecenas sed libero sed diam pulvinar consequat. Morbi bibendum et risus dapibus viverra. Sed quis imperdiet libero, vitae lacinia nulla. Donec facilisis eu nulla nec sodales. Nullam aliquam iaculis scelerisque.

Interdum et malesuada fames ac ante ipsum primis in faucibus. Phasellus et turpis pretium, varius eros in, lacinia elit. Maecenas condimentum sagittis volutpat. Donec orci mi, lobortis a suscipit at, efficitur a justo. Quisque elit justo, tempor nec fermentum eget, dignissim et enim. Pellentesque et velit leo. Maecenas congue dapibus mauris finibus posuere. In nunc diam, porttitor et tincidunt vitae, pharetra sit amet diam. Proin iaculis non erat ut sodales. Sed malesuada sapien ante, at sollicitudin ipsum maximus ut.

Curabitur massa leo, laoreet ut interdum ut, iaculis ac eros. Nulla ac eros ultricies elit semper interdum. Sed sodales risus enim, vel pharetra mauris pretium aliquet. Nam quis pulvinar metus. In hac habitasse platea dictumst. Sed ac malesuada neque, ac aliquet est. Aenean nec feugiat elit, a rutrum ex. In mauris diam, mattis lobortis metus eget, molestie interdum est. Etiam varius iaculis magna sit amet consequat. Pellentesque odio nulla, pharetra et auctor vel, pharetra ac nisi. Sed eleifend aliquet vehicula. Phasellus tincidunt nunc a lacus tempus, id gravida dui sodales. Duis vel condimentum eros. Ut pharetra, diam eu efficitur bibendum, leo risus pharetra massa, ut ultrices urna leo at dui. Sed volutpat neque id quam auctor convallis.

Integer rutrum dignissim mi, vitae laoreet turpis. Ut lobortis diam ut pretium consequat. Vivamus feugiat vitae dolor sit amet commodo. Maecenas semper sollicitudin mi. Vivamus tempus, sapien eu dignissim gravida, justo odio luctus sem, at malesuada eros tortor nec ipsum. In hac habitasse platea dictumst. Vivamus eget dui at nulla condimentum placerat sagittis tempus ipsum. Nulla facilisi. Vivamus at turpis a velit gravida volutpat. Fusce augue leo, sagittis sollicitudin scelerisque eget, dapibus quis ipsum. Cras tempor sodales tellus non rhoncus. Vestibulum ante ipsum primis in faucibus orci luctus et ultrices posuere cubilia Curae; Vestibulum lectus mauris, aliquam quis aliquam non, blandit et lectus. Fusce dapibus lectus non vulputate feugiat. Quisque tempus ante eget ante facilisis ultricies. Interdum et malesuada fames ac ante ipsum primis in faucibus.","Postagem 1",,"inherit","open","open",,"12-revision-v1",,,"2015-06-08 18:21:13","2015-06-08 18:21:13",,"12","http://localhost/folha/index.php/2015/06/08/12-revision-v1/","0","revision",,"0"
"20","1","2015-06-08 18:33:40","0000-00-00 00:00:00"," ",,,"draft","open","open",,,,,"2015-06-08 18:33:40","0000-00-00 00:00:00",,"0","http://localhost/folha/?p=20","1","nav_menu_item",,"0"
"21","1","2015-06-08 18:33:41","0000-00-00 00:00:00"," ",,,"draft","open","open",,,,,"2015-06-08 18:33:41","0000-00-00 00:00:00",,"0","http://localhost/folha/?p=21","1","nav_menu_item",,"0"
"22","1","2015-06-08 18:33:41","0000-00-00 00:00:00"," ",,,"draft","open","open",,,,,"2015-06-08 18:33:41","0000-00-00 00:00:00",,"0","http://localhost/folha/?p=22","1","nav_menu_item",,"0"
"41","1","2015-06-08 20:02:42","0000-00-00 00:00:00"," ",,,"draft","open","open",,,,,"2015-06-08 20:02:42","0000-00-00 00:00:00",,"0","http://localhost/folha/?p=41","1","nav_menu_item",,"0"
"45","1","2015-06-08 20:02:44","0000-00-00 00:00:00"," ",,,"draft","open","open",,,,,"2015-06-08 20:02:44","0000-00-00 00:00:00",,"0","http://localhost/folha/?p=45","1","nav_menu_item",,"0"
"47","1","2015-06-08 20:02:45","0000-00-00 00:00:00"," ",,,"draft","open","open",,,,,"2015-06-08 20:02:45","0000-00-00 00:00:00",,"0","http://localhost/folha/?p=47","1","nav_menu_item",,"0"
"59","1","2015-06-08 20:02:50","0000-00-00 00:00:00"," ",,,"draft","open","open",,,,,"2015-06-08 20:02:50","0000-00-00 00:00:00",,"0","http://localhost/folha/?p=59","1","nav_menu_item",,"0"
"60","1","2015-06-08 20:02:51","0000-00-00 00:00:00"," ",,,"draft","open","open",,,,,"2015-06-08 20:02:51","0000-00-00 00:00:00",,"0","http://localhost/folha/?p=60","1","nav_menu_item",,"0"
"61","1","2015-06-08 20:02:51","0000-00-00 00:00:00"," ",,,"draft","open","open",,,,,"2015-06-08 20:02:51","0000-00-00 00:00:00",,"0","http://localhost/folha/?p=61","1","nav_menu_item",,"0"
"63","1","2015-06-08 20:02:52","0000-00-00 00:00:00"," ",,,"draft","open","open",,,,,"2015-06-08 20:02:52","0000-00-00 00:00:00",,"0","http://localhost/folha/?p=63","1","nav_menu_item",,"0"
"80","1","2015-06-08 20:27:22","2015-06-08 20:27:22",,"CcsDepPampolhacapajpgjpg",,"inherit","open","open",,"ccsdeppampolhacapajpgjpg",,,"2015-06-08 20:27:22","2015-06-08 20:27:22",,"12","http://localhost/folha/wp-content/uploads/2015/06/CcsDepPampolhacapajpgjpg.jpeg","0","attachment","image/jpeg","0"
"81","1","2015-06-08 20:27:22","2015-06-08 20:27:22",,"FeiraMixxRafaeljpg",,"inherit","open","open",,"feiramixxrafaeljpg",,,"2015-06-08 20:27:22","2015-06-08 20:27:22",,"12","http://localhost/folha/wp-content/uploads/2015/06/FeiraMixxRafaeljpg.jpeg","0","attachment","image/jpeg","0"
"82","1","2015-06-08 20:27:22","2015-06-08 20:27:22",,"gfmrmanoelgoleiro0106capajpgjpg",,"inherit","open","open",,"gfmrmanoelgoleiro0106capajpgjpg",,,"2015-06-08 20:27:22","2015-06-08 20:27:22",,"12","http://localhost/folha/wp-content/uploads/2015/06/gfmrmanoelgoleiro0106capajpgjpg.jpeg","0","attachment","image/jpeg","0"
"83","1","2015-06-08 20:27:23","2015-06-08 20:27:23",,"trocandoosp_oscapajpg",,"inherit","open","open",,"trocandoosp_oscapajpg",,,"2015-06-08 20:27:23","2015-06-08 20:27:23",,"12","http://localhost/folha/wp-content/uploads/2015/06/trocandoosp_oscapajpg.jpeg","0","attachment","image/jpeg","0"
"84","1","2015-06-08 20:29:12","2015-06-08 20:29:12","<div id=""lipsum"">

Lorem ipsum dolor sit amet, consectetur adipiscing elit. Sed blandit, tellus ut ornare elementum, odio orci suscipit quam, a varius libero dui eu est. Praesent at turpis non lacus gravida fermentum. In risus ipsum, mollis ac aliquet at, accumsan sit amet enim. Pellentesque finibus dictum metus, eu efficitur mauris pretium id. Vestibulum sed arcu vehicula, ultrices magna a, sollicitudin neque. Morbi et odio eget massa dictum suscipit. Aenean ac commodo justo. Fusce auctor euismod libero sed blandit. In varius imperdiet ultricies. Sed suscipit vel ipsum vitae vehicula. Sed pharetra id arcu a ultrices. Mauris porttitor tortor sed tellus ullamcorper, ac gravida justo molestie. In ac porta quam. Sed quis dui sed odio auctor sollicitudin. Donec elementum consectetur porttitor. Nulla eu ante vitae erat luctus molestie.

Morbi gravida, nulla id tempor faucibus, felis massa lacinia felis, ac porta nulla massa ut velit. Curabitur mauris augue, bibendum finibus turpis at, interdum pretium massa. Vivamus auctor libero eros. Nullam id vehicula dolor. Duis bibendum tristique volutpat. Lorem ipsum dolor sit amet, consectetur adipiscing elit. Curabitur viverra, metus vel iaculis cursus, ex diam tristique sem, non pretium nisl sem non lectus. Ut volutpat hendrerit magna, porttitor varius ex tincidunt ac. In sagittis eu massa in efficitur. Phasellus dui augue, ultricies sit amet fringilla nec, varius eu risus. Aenean sit amet pellentesque lorem. Nam nec fringilla urna. Duis porta tempus luctus.

Nam pulvinar ligula in euismod rutrum. Sed sed urna malesuada, scelerisque nisi eget, placerat nisl. Ut et arcu rhoncus, commodo mauris non, condimentum tellus. Nullam placerat, nulla vitae maximus fringilla, massa magna blandit lectus, quis dapibus turpis lorem non nulla. Mauris bibendum sapien ligula, consequat interdum lectus ultrices at. Mauris sagittis sit amet nibh quis iaculis. Aenean mollis a metus quis tempor. Duis elit nulla, lobortis nec pharetra vel, pellentesque in arcu. Pellentesque sit amet aliquam nibh, at efficitur turpis. Donec accumsan ornare leo vitae iaculis. Praesent iaculis ex in massa vulputate, iaculis volutpat purus mattis. Morbi ipsum ante, scelerisque sit amet dictum sit amet, varius et enim. Integer ac turpis vitae purus aliquam fermentum. Vestibulum eget augue dignissim, suscipit enim eu, rhoncus est.

Fusce quis eleifend nisl. Maecenas eu magna hendrerit nulla efficitur placerat. Proin posuere sapien eu arcu volutpat vehicula. Pellentesque eget odio arcu. Quisque nec fringilla ipsum, et porta sapien. Sed eget nulla quis eros accumsan consectetur a a sem. Cras a elit magna. Maecenas nec urna vel nisi consequat sollicitudin ut quis metus. Maecenas placerat bibendum nisi vel suscipit. Suspendisse egestas urna lacinia pretium rhoncus. Phasellus ipsum ex, accumsan vitae ipsum sit amet, maximus fermentum odio.

Maecenas auctor vestibulum ligula non pellentesque. Phasellus sed tristique ligula. Proin et efficitur ante. Nullam posuere hendrerit velit, quis faucibus mi auctor nec. Duis molestie ligula in lectus congue, eu convallis mauris placerat. Vestibulum et ex in odio aliquet convallis. Morbi fermentum vestibulum nibh vitae ullamcorper. Nunc pellentesque massa in porttitor porttitor. Nunc vitae lacus sapien. Duis non odio pellentesque, suscipit elit sit amet, mollis libero. Vestibulum viverra eleifend lobortis. Morbi auctor eros sed leo posuere, at porttitor tortor lacinia. In hac habitasse platea dictumst. Phasellus vestibulum venenatis urna, vitae eleifend libero.

</div>
<div id=""generated""></div>","Postagem 3",,"publish","open","open",,"postagem-3",,,"2015-06-09 21:37:24","2015-06-09 21:37:24",,"0","http://localhost/folha/?p=84","0","post",,"0"
"85","1","2015-06-08 20:29:12","2015-06-08 20:29:12","<div id=""lipsum"">

Lorem ipsum dolor sit amet, consectetur adipiscing elit. Sed blandit, tellus ut ornare elementum, odio orci suscipit quam, a varius libero dui eu est. Praesent at turpis non lacus gravida fermentum. In risus ipsum, mollis ac aliquet at, accumsan sit amet enim. Pellentesque finibus dictum metus, eu efficitur mauris pretium id. Vestibulum sed arcu vehicula, ultrices magna a, sollicitudin neque. Morbi et odio eget massa dictum suscipit. Aenean ac commodo justo. Fusce auctor euismod libero sed blandit. In varius imperdiet ultricies. Sed suscipit vel ipsum vitae vehicula. Sed pharetra id arcu a ultrices. Mauris porttitor tortor sed tellus ullamcorper, ac gravida justo molestie. In ac porta quam. Sed quis dui sed odio auctor sollicitudin. Donec elementum consectetur porttitor. Nulla eu ante vitae erat luctus molestie.

Morbi gravida, nulla id tempor faucibus, felis massa lacinia felis, ac porta nulla massa ut velit. Curabitur mauris augue, bibendum finibus turpis at, interdum pretium massa. Vivamus auctor libero eros. Nullam id vehicula dolor. Duis bibendum tristique volutpat. Lorem ipsum dolor sit amet, consectetur adipiscing elit. Curabitur viverra, metus vel iaculis cursus, ex diam tristique sem, non pretium nisl sem non lectus. Ut volutpat hendrerit magna, porttitor varius ex tincidunt ac. In sagittis eu massa in efficitur. Phasellus dui augue, ultricies sit amet fringilla nec, varius eu risus. Aenean sit amet pellentesque lorem. Nam nec fringilla urna. Duis porta tempus luctus.

Nam pulvinar ligula in euismod rutrum. Sed sed urna malesuada, scelerisque nisi eget, placerat nisl. Ut et arcu rhoncus, commodo mauris non, condimentum tellus. Nullam placerat, nulla vitae maximus fringilla, massa magna blandit lectus, quis dapibus turpis lorem non nulla. Mauris bibendum sapien ligula, consequat interdum lectus ultrices at. Mauris sagittis sit amet nibh quis iaculis. Aenean mollis a metus quis tempor. Duis elit nulla, lobortis nec pharetra vel, pellentesque in arcu. Pellentesque sit amet aliquam nibh, at efficitur turpis. Donec accumsan ornare leo vitae iaculis. Praesent iaculis ex in massa vulputate, iaculis volutpat purus mattis. Morbi ipsum ante, scelerisque sit amet dictum sit amet, varius et enim. Integer ac turpis vitae purus aliquam fermentum. Vestibulum eget augue dignissim, suscipit enim eu, rhoncus est.

Fusce quis eleifend nisl. Maecenas eu magna hendrerit nulla efficitur placerat. Proin posuere sapien eu arcu volutpat vehicula. Pellentesque eget odio arcu. Quisque nec fringilla ipsum, et porta sapien. Sed eget nulla quis eros accumsan consectetur a a sem. Cras a elit magna. Maecenas nec urna vel nisi consequat sollicitudin ut quis metus. Maecenas placerat bibendum nisi vel suscipit. Suspendisse egestas urna lacinia pretium rhoncus. Phasellus ipsum ex, accumsan vitae ipsum sit amet, maximus fermentum odio.

Maecenas auctor vestibulum ligula non pellentesque. Phasellus sed tristique ligula. Proin et efficitur ante. Nullam posuere hendrerit velit, quis faucibus mi auctor nec. Duis molestie ligula in lectus congue, eu convallis mauris placerat. Vestibulum et ex in odio aliquet convallis. Morbi fermentum vestibulum nibh vitae ullamcorper. Nunc pellentesque massa in porttitor porttitor. Nunc vitae lacus sapien. Duis non odio pellentesque, suscipit elit sit amet, mollis libero. Vestibulum viverra eleifend lobortis. Morbi auctor eros sed leo posuere, at porttitor tortor lacinia. In hac habitasse platea dictumst. Phasellus vestibulum venenatis urna, vitae eleifend libero.

</div>
<div id=""generated""></div>","Postagem 3",,"inherit","open","open",,"84-revision-v1",,,"2015-06-08 20:29:12","2015-06-08 20:29:12",,"84","http://localhost/folha/index.php/2015/06/08/84-revision-v1/","0","revision",,"0"
"86","1","2015-06-08 20:29:55","2015-06-08 20:29:55","<div id=""lipsum"">

Lorem ipsum dolor sit amet, consectetur adipiscing elit. Nulla at condimentum lectus. Proin mauris tortor, bibendum vel mi aliquam, ultricies rutrum tellus. Nunc eu suscipit eros, commodo vehicula purus. Cras sit amet lobortis diam. Aenean condimentum lectus eget nibh aliquam consequat. Mauris finibus ex a purus consectetur, id sollicitudin nisl venenatis. Vivamus fermentum lorem dui, et porttitor ex pretium id. Cum sociis natoque penatibus et magnis dis parturient montes, nascetur ridiculus mus. Donec ac nibh et tellus rutrum consequat mattis et tellus. Phasellus sed ultricies ligula, vitae pharetra neque. Maecenas dignissim mi ut quam facilisis dictum. Donec rhoncus tincidunt tempus. Phasellus vitae neque vel libero dictum tincidunt.

Quisque tincidunt mi elit, a ultricies eros malesuada nec. Fusce ac massa vel erat congue ultrices in a nulla. Curabitur sed sapien hendrerit, elementum nulla ac, ornare odio. Vivamus diam nisi, malesuada id diam eget, ultricies molestie nisl. Cras semper magna vel sapien sollicitudin dignissim. Lorem ipsum dolor sit amet, consectetur adipiscing elit. Aenean blandit ut nibh sed interdum. Phasellus lobortis ante non mauris pretium placerat. Praesent vitae eleifend nisi, vel suscipit massa. Duis ut viverra libero, ultrices ornare urna. Aenean vel urna vel odio mollis tempus at in velit. Maecenas quis est id quam fringilla sollicitudin. Maecenas sodales turpis nec sagittis consectetur. Phasellus quis dictum mi.

Cras turpis tortor, malesuada sit amet consequat nec, viverra vitae arcu. In hac habitasse platea dictumst. Nunc in elit eget tortor sollicitudin varius. Suspendisse sed vehicula risus. Fusce vitae mauris nisl. Nulla facilisi. Aliquam erat volutpat. Aliquam tristique eget urna ac congue. Donec varius ornare urna, non ultrices ante rhoncus non. In a aliquet ante. Nunc iaculis fermentum rhoncus. Proin pulvinar nunc leo, et elementum enim lacinia non. Vivamus a tempor lectus, sed lacinia lectus. Praesent vel magna nisi. Etiam quis sapien vitae diam ornare faucibus nec nec leo. Vestibulum suscipit lorem dolor.

In nulla justo, posuere at mi eu, tristique posuere felis. Quisque odio sapien, pulvinar at libero ac, tristique mollis lacus. Curabitur malesuada ex vitae mauris semper fermentum. Morbi porta turpis eu porta egestas. Proin urna enim, dapibus vestibulum augue id, laoreet luctus sem. Donec euismod orci risus, maximus interdum turpis ullamcorper et. In hac habitasse platea dictumst. Pellentesque rhoncus mattis diam eget efficitur. Praesent lobortis, lorem vitae maximus varius, nibh ipsum gravida nisi, sed eleifend enim nunc quis enim. Nulla volutpat, lectus eget laoreet tempor, nisl odio maximus tortor, at placerat tortor urna in tellus. Vivamus placerat, enim in varius porttitor, sapien magna aliquet massa, eu sagittis metus ligula vitae diam.

Duis at tortor accumsan, varius nisi ut, imperdiet velit. In tempus, sem sed lobortis efficitur, massa massa volutpat ligula, nec finibus dolor massa nec nunc. Quisque ac mauris et risus convallis tempor. Vestibulum sed mauris vel massa luctus venenatis sit amet ut ante. Pellentesque varius massa aliquet, aliquet sapien non, luctus neque. Etiam eget ligula consequat, fringilla felis vel, placerat mauris. Aliquam sollicitudin mauris ipsum, imperdiet rhoncus ligula aliquam rutrum. Quisque non turpis vel dui rutrum mattis. Fusce imperdiet facilisis dapibus. Praesent in ex augue. Proin blandit ornare massa a faucibus. Nulla blandit odio sed lorem scelerisque pulvinar. Morbi tellus ipsum, eleifend ac nisl bibendum, laoreet finibus lectus.

</div>","Postagem 4",,"publish","open","open",,"postagem-4",,,"2015-06-09 21:24:39","2015-06-09 21:24:39",,"0","http://localhost/folha/?p=86","0","post",,"0"
"87","1","2015-06-08 20:29:55","2015-06-08 20:29:55","<div id=""lipsum"">

Lorem ipsum dolor sit amet, consectetur adipiscing elit. Nulla at condimentum lectus. Proin mauris tortor, bibendum vel mi aliquam, ultricies rutrum tellus. Nunc eu suscipit eros, commodo vehicula purus. Cras sit amet lobortis diam. Aenean condimentum lectus eget nibh aliquam consequat. Mauris finibus ex a purus consectetur, id sollicitudin nisl venenatis. Vivamus fermentum lorem dui, et porttitor ex pretium id. Cum sociis natoque penatibus et magnis dis parturient montes, nascetur ridiculus mus. Donec ac nibh et tellus rutrum consequat mattis et tellus. Phasellus sed ultricies ligula, vitae pharetra neque. Maecenas dignissim mi ut quam facilisis dictum. Donec rhoncus tincidunt tempus. Phasellus vitae neque vel libero dictum tincidunt.

Quisque tincidunt mi elit, a ultricies eros malesuada nec. Fusce ac massa vel erat congue ultrices in a nulla. Curabitur sed sapien hendrerit, elementum nulla ac, ornare odio. Vivamus diam nisi, malesuada id diam eget, ultricies molestie nisl. Cras semper magna vel sapien sollicitudin dignissim. Lorem ipsum dolor sit amet, consectetur adipiscing elit. Aenean blandit ut nibh sed interdum. Phasellus lobortis ante non mauris pretium placerat. Praesent vitae eleifend nisi, vel suscipit massa. Duis ut viverra libero, ultrices ornare urna. Aenean vel urna vel odio mollis tempus at in velit. Maecenas quis est id quam fringilla sollicitudin. Maecenas sodales turpis nec sagittis consectetur. Phasellus quis dictum mi.

Cras turpis tortor, malesuada sit amet consequat nec, viverra vitae arcu. In hac habitasse platea dictumst. Nunc in elit eget tortor sollicitudin varius. Suspendisse sed vehicula risus. Fusce vitae mauris nisl. Nulla facilisi. Aliquam erat volutpat. Aliquam tristique eget urna ac congue. Donec varius ornare urna, non ultrices ante rhoncus non. In a aliquet ante. Nunc iaculis fermentum rhoncus. Proin pulvinar nunc leo, et elementum enim lacinia non. Vivamus a tempor lectus, sed lacinia lectus. Praesent vel magna nisi. Etiam quis sapien vitae diam ornare faucibus nec nec leo. Vestibulum suscipit lorem dolor.

In nulla justo, posuere at mi eu, tristique posuere felis. Quisque odio sapien, pulvinar at libero ac, tristique mollis lacus. Curabitur malesuada ex vitae mauris semper fermentum. Morbi porta turpis eu porta egestas. Proin urna enim, dapibus vestibulum augue id, laoreet luctus sem. Donec euismod orci risus, maximus interdum turpis ullamcorper et. In hac habitasse platea dictumst. Pellentesque rhoncus mattis diam eget efficitur. Praesent lobortis, lorem vitae maximus varius, nibh ipsum gravida nisi, sed eleifend enim nunc quis enim. Nulla volutpat, lectus eget laoreet tempor, nisl odio maximus tortor, at placerat tortor urna in tellus. Vivamus placerat, enim in varius porttitor, sapien magna aliquet massa, eu sagittis metus ligula vitae diam.

Duis at tortor accumsan, varius nisi ut, imperdiet velit. In tempus, sem sed lobortis efficitur, massa massa volutpat ligula, nec finibus dolor massa nec nunc. Quisque ac mauris et risus convallis tempor. Vestibulum sed mauris vel massa luctus venenatis sit amet ut ante. Pellentesque varius massa aliquet, aliquet sapien non, luctus neque. Etiam eget ligula consequat, fringilla felis vel, placerat mauris. Aliquam sollicitudin mauris ipsum, imperdiet rhoncus ligula aliquam rutrum. Quisque non turpis vel dui rutrum mattis. Fusce imperdiet facilisis dapibus. Praesent in ex augue. Proin blandit ornare massa a faucibus. Nulla blandit odio sed lorem scelerisque pulvinar. Morbi tellus ipsum, eleifend ac nisl bibendum, laoreet finibus lectus.

</div>","Postagem 4",,"inherit","open","open",,"86-revision-v1",,,"2015-06-08 20:29:55","2015-06-08 20:29:55",,"86","http://localhost/folha/index.php/2015/06/08/86-revision-v1/","0","revision",,"0"
"88","1","2015-06-08 21:20:44","2015-06-08 21:20:44",,"edition",,"inherit","open","open",,"edition",,,"2015-06-08 21:20:44","2015-06-08 21:20:44",,"0","http://localhost/folha/wp-content/uploads/2015/06/edition.jpg","0","attachment","image/jpeg","0"
"89","1","2015-06-08 21:24:32","2015-06-08 21:24:32",,"edition2",,"inherit","open","open",,"edition2",,,"2015-06-08 21:24:32","2015-06-08 21:24:32",,"0","http://localhost/folha/wp-content/uploads/2015/06/edition2.jpg","0","attachment","image/jpeg","0"
"90","1","2015-06-08 21:55:16","2015-06-08 21:55:16",,"edition2",,"inherit","open","open",,"edition2-2",,,"2015-06-08 21:55:16","2015-06-08 21:55:16",,"0","http://localhost/folha/wp-content/uploads/2015/06/edition21.jpg","0","attachment","image/jpeg","0"
"91","1","2015-06-09 16:13:16","0000-00-00 00:00:00"," ",,,"draft","open","open",,,,,"2015-06-09 16:13:16","0000-00-00 00:00:00",,"0","http://localhost/folha/?p=91","1","nav_menu_item",,"0"
"92","1","2015-06-09 16:13:16","0000-00-00 00:00:00"," ",,,"draft","open","open",,,,,"2015-06-09 16:13:16","0000-00-00 00:00:00",,"0","http://localhost/folha/?p=92","1","nav_menu_item",,"0"
"93","1","2015-06-09 16:13:16","0000-00-00 00:00:00"," ",,,"draft","open","open",,,,,"2015-06-09 16:13:16","0000-00-00 00:00:00",,"0","http://localhost/folha/?p=93","1","nav_menu_item",,"0"
"94","1","2015-06-09 16:13:17","0000-00-00 00:00:00"," ",,,"draft","open","open",,,,,"2015-06-09 16:13:17","0000-00-00 00:00:00",,"0","http://localhost/folha/?p=94","1","nav_menu_item",,"0"
"95","1","2015-06-09 16:13:17","0000-00-00 00:00:00"," ",,,"draft","open","open",,,,,"2015-06-09 16:13:17","0000-00-00 00:00:00",,"0","http://localhost/folha/?p=95","1","nav_menu_item",,"0"
"96","1","2015-06-09 16:13:17","0000-00-00 00:00:00"," ",,,"draft","open","open",,,,,"2015-06-09 16:13:17","0000-00-00 00:00:00",,"0","http://localhost/folha/?p=96","1","nav_menu_item",,"0"
"97","1","2015-06-09 16:13:18","0000-00-00 00:00:00"," ",,,"draft","open","open",,,,,"2015-06-09 16:13:18","0000-00-00 00:00:00",,"0","http://localhost/folha/?p=97","1","nav_menu_item",,"0"
"98","1","2015-06-09 16:13:19","0000-00-00 00:00:00"," ",,,"draft","open","open",,,,,"2015-06-09 16:13:19","0000-00-00 00:00:00",,"0","http://localhost/folha/?p=98","1","nav_menu_item",,"0"
"99","1","2015-06-09 16:13:19","0000-00-00 00:00:00"," ",,,"draft","open","open",,,,,"2015-06-09 16:13:19","0000-00-00 00:00:00",,"0","http://localhost/folha/?p=99","1","nav_menu_item",,"0"
"100","1","2015-06-09 16:13:20","0000-00-00 00:00:00"," ",,,"draft","open","open",,,,,"2015-06-09 16:13:20","0000-00-00 00:00:00",,"0","http://localhost/folha/?p=100","1","nav_menu_item",,"0"
"101","1","2015-06-09 16:13:20","0000-00-00 00:00:00"," ",,,"draft","open","open",,,,,"2015-06-09 16:13:20","0000-00-00 00:00:00",,"0","http://localhost/folha/?p=101","1","nav_menu_item",,"0"
"102","1","2015-06-09 16:13:21","0000-00-00 00:00:00"," ",,,"draft","open","open",,,,,"2015-06-09 16:13:21","0000-00-00 00:00:00",,"0","http://localhost/folha/?p=102","1","nav_menu_item",,"0"
"103","1","2015-06-09 16:13:21","0000-00-00 00:00:00"," ",,,"draft","open","open",,,,,"2015-06-09 16:13:21","0000-00-00 00:00:00",,"0","http://localhost/folha/?p=103","1","nav_menu_item",,"0"
"104","1","2015-06-09 16:13:22","0000-00-00 00:00:00"," ",,,"draft","open","open",,,,,"2015-06-09 16:13:22","0000-00-00 00:00:00",,"0","http://localhost/folha/?p=104","1","nav_menu_item",,"0"
"105","1","2015-06-09 16:13:22","0000-00-00 00:00:00"," ",,,"draft","open","open",,,,,"2015-06-09 16:13:22","0000-00-00 00:00:00",,"0","http://localhost/folha/?p=105","1","nav_menu_item",,"0"
"106","1","2015-06-09 16:13:22","0000-00-00 00:00:00"," ",,,"draft","open","open",,,,,"2015-06-09 16:13:22","0000-00-00 00:00:00",,"0","http://localhost/folha/?p=106","1","nav_menu_item",,"0"
"107","1","2015-06-09 16:13:23","0000-00-00 00:00:00"," ",,,"draft","open","open",,,,,"2015-06-09 16:13:23","0000-00-00 00:00:00",,"0","http://localhost/folha/?p=107","1","nav_menu_item",,"0"
"108","1","2015-06-09 16:13:23","0000-00-00 00:00:00"," ",,,"draft","open","open",,,,,"2015-06-09 16:13:23","0000-00-00 00:00:00",,"0","http://localhost/folha/?p=108","1","nav_menu_item",,"0"
"109","1","2015-06-09 16:13:24","0000-00-00 00:00:00"," ",,,"draft","open","open",,,,,"2015-06-09 16:13:24","0000-00-00 00:00:00",,"0","http://localhost/folha/?p=109","1","nav_menu_item",,"0"
"110","1","2015-06-09 16:13:24","0000-00-00 00:00:00"," ",,,"draft","open","open",,,,,"2015-06-09 16:13:24","0000-00-00 00:00:00",,"0","http://localhost/folha/?p=110","1","nav_menu_item",,"0"
"111","1","2015-06-09 16:13:25","0000-00-00 00:00:00"," ",,,"draft","open","open",,,,,"2015-06-09 16:13:25","0000-00-00 00:00:00",,"0","http://localhost/folha/?p=111","1","nav_menu_item",,"0"
"112","1","2015-06-09 16:13:25","0000-00-00 00:00:00"," ",,,"draft","open","open",,,,,"2015-06-09 16:13:25","0000-00-00 00:00:00",,"0","http://localhost/folha/?p=112","1","nav_menu_item",,"0"
"113","1","2015-06-09 16:13:26","0000-00-00 00:00:00"," ",,,"draft","open","open",,,,,"2015-06-09 16:13:26","0000-00-00 00:00:00",,"0","http://localhost/folha/?p=113","1","nav_menu_item",,"0"
"114","1","2015-06-09 16:13:27","0000-00-00 00:00:00"," ",,,"draft","open","open",,,,,"2015-06-09 16:13:27","0000-00-00 00:00:00",,"0","http://localhost/folha/?p=114","1","nav_menu_item",,"0"
"115","1","2015-06-09 16:13:27","0000-00-00 00:00:00"," ",,,"draft","open","open",,,,,"2015-06-09 16:13:27","0000-00-00 00:00:00",,"0","http://localhost/folha/?p=115","1","nav_menu_item",,"0"
"116","1","2015-06-09 16:13:28","0000-00-00 00:00:00"," ",,,"draft","open","open",,,,,"2015-06-09 16:13:28","0000-00-00 00:00:00",,"0","http://localhost/folha/?p=116","1","nav_menu_item",,"0"
"117","1","2015-06-09 16:13:28","0000-00-00 00:00:00"," ",,,"draft","open","open",,,,,"2015-06-09 16:13:28","0000-00-00 00:00:00",,"0","http://localhost/folha/?p=117","1","nav_menu_item",,"0"
"118","1","2015-06-09 16:13:29","0000-00-00 00:00:00"," ",,,"draft","open","open",,,,,"2015-06-09 16:13:29","0000-00-00 00:00:00",,"0","http://localhost/folha/?p=118","1","nav_menu_item",,"0"
"119","1","2015-06-09 16:13:29","0000-00-00 00:00:00"," ",,,"draft","open","open",,,,,"2015-06-09 16:13:29","0000-00-00 00:00:00",,"0","http://localhost/folha/?p=119","1","nav_menu_item",,"0"
"120","1","2015-06-09 16:13:29","0000-00-00 00:00:00"," ",,,"draft","open","open",,,,,"2015-06-09 16:13:29","0000-00-00 00:00:00",,"0","http://localhost/folha/?p=120","1","nav_menu_item",,"0"
"121","1","2015-06-09 16:13:30","0000-00-00 00:00:00"," ",,,"draft","open","open",,,,,"2015-06-09 16:13:30","0000-00-00 00:00:00",,"0","http://localhost/folha/?p=121","1","nav_menu_item",,"0"
"122","1","2015-06-09 16:13:30","0000-00-00 00:00:00"," ",,,"draft","open","open",,,,,"2015-06-09 16:13:30","0000-00-00 00:00:00",,"0","http://localhost/folha/?p=122","1","nav_menu_item",,"0"
"123","1","2015-06-09 16:13:31","0000-00-00 00:00:00"," ",,,"draft","open","open",,,,,"2015-06-09 16:13:31","0000-00-00 00:00:00",,"0","http://localhost/folha/?p=123","1","nav_menu_item",,"0"
"124","1","2015-06-09 16:13:31","0000-00-00 00:00:00"," ",,,"draft","open","open",,,,,"2015-06-09 16:13:31","0000-00-00 00:00:00",,"0","http://localhost/folha/?p=124","1","nav_menu_item",,"0"
"125","1","2015-06-09 16:13:31","0000-00-00 00:00:00"," ",,,"draft","open","open",,,,,"2015-06-09 16:13:31","0000-00-00 00:00:00",,"0","http://localhost/folha/?p=125","1","nav_menu_item",,"0"
"126","1","2015-06-09 16:13:32","0000-00-00 00:00:00"," ",,,"draft","open","open",,,,,"2015-06-09 16:13:32","0000-00-00 00:00:00",,"0","http://localhost/folha/?p=126","1","nav_menu_item",,"0"
"127","1","2015-06-09 16:13:32","0000-00-00 00:00:00"," ",,,"draft","open","open",,,,,"2015-06-09 16:13:32","0000-00-00 00:00:00",,"0","http://localhost/folha/?p=127","1","nav_menu_item",,"0"
"128","1","2015-06-09 16:13:32","0000-00-00 00:00:00"," ",,,"draft","open","open",,,,,"2015-06-09 16:13:32","0000-00-00 00:00:00",,"0","http://localhost/folha/?p=128","1","nav_menu_item",,"0"
"129","1","2015-06-09 16:13:33","0000-00-00 00:00:00"," ",,,"draft","open","open",,,,,"2015-06-09 16:13:33","0000-00-00 00:00:00",,"0","http://localhost/folha/?p=129","1","nav_menu_item",,"0"
"132","1","2015-06-09 17:19:44","2015-06-09 17:19:44"," ",,,"publish","open","open",,"132",,,"2015-06-09 17:51:05","2015-06-09 17:51:05",,"0","http://localhost/folha/?p=132","11","nav_menu_item",,"0"
"133","1","2015-06-09 17:19:44","2015-06-09 17:19:44"," ",,,"publish","open","open",,"133",,,"2015-06-09 17:51:06","2015-06-09 17:51:06",,"0","http://localhost/folha/?p=133","30","nav_menu_item",,"0"
"134","1","2015-06-09 17:19:44","2015-06-09 17:19:44"," ",,,"publish","open","open",,"134",,,"2015-06-09 17:51:06","2015-06-09 17:51:06",,"0","http://localhost/folha/?p=134","25","nav_menu_item",,"0"
"135","1","2015-06-09 17:19:45","2015-06-09 17:19:45"," ",,,"publish","open","open",,"135",,,"2015-06-09 17:51:07","2015-06-09 17:51:07",,"0","http://localhost/folha/?p=135","36","nav_menu_item",,"0"
"136","1","2015-06-09 17:19:45","2015-06-09 17:19:45"," ",,,"publish","open","open",,"136",,,"2015-06-09 17:51:06","2015-06-09 17:51:06",,"0","http://localhost/folha/?p=136","29","nav_menu_item",,"0"
"137","1","2015-06-09 17:19:45","2015-06-09 17:19:45"," ",,,"publish","open","open",,"137",,,"2015-06-09 17:51:06","2015-06-09 17:51:06",,"0","http://localhost/folha/?p=137","26","nav_menu_item",,"0"
"138","1","2015-06-09 17:19:44","2015-06-09 17:19:44"," ",,,"publish","open","open",,"138",,,"2015-06-09 17:51:04","2015-06-09 17:51:04",,"0","http://localhost/folha/?p=138","1","nav_menu_item",,"0"
"139","1","2015-06-09 17:19:45","2015-06-09 17:19:45"," ",,,"publish","open","open",,"139",,,"2015-06-09 17:51:06","2015-06-09 17:51:06",,"0","http://localhost/folha/?p=139","22","nav_menu_item",,"0"
"140","1","2015-06-09 17:19:45","2015-06-09 17:19:45"," ",,,"publish","open","open",,"140",,,"2015-06-09 17:51:05","2015-06-09 17:51:05",,"0","http://localhost/folha/?p=140","15","nav_menu_item",,"0"
"141","1","2015-06-09 17:19:45","2015-06-09 17:19:45"," ",,,"publish","open","open",,"141",,,"2015-06-09 17:51:05","2015-06-09 17:51:05",,"0","http://localhost/folha/?p=141","18","nav_menu_item",,"0"
"142","1","2015-06-09 17:19:45","2015-06-09 17:19:45"," ",,,"publish","open","open",,"142",,,"2015-06-09 17:51:07","2015-06-09 17:51:07",,"0","http://localhost/folha/?p=142","38","nav_menu_item",,"0"
"143","1","2015-06-09 17:19:46","2015-06-09 17:19:46"," ",,,"publish","open","open",,"143",,,"2015-06-09 17:51:07","2015-06-09 17:51:07",,"0","http://localhost/folha/?p=143","37","nav_menu_item",,"0"
"144","1","2015-06-09 17:19:46","2015-06-09 17:19:46"," ",,,"publish","open","open",,"144",,,"2015-06-09 17:51:06","2015-06-09 17:51:06",,"0","http://localhost/folha/?p=144","27","nav_menu_item",,"0"
"145","1","2015-06-09 17:19:46","2015-06-09 17:19:46"," ",,,"publish","open","open",,"145",,,"2015-06-09 17:51:05","2015-06-09 17:51:05",,"0","http://localhost/folha/?p=145","6","nav_menu_item",,"0"
"146","1","2015-06-09 17:19:46","2015-06-09 17:19:46"," ",,,"publish","open","open",,"146",,,"2015-06-09 17:51:05","2015-06-09 17:51:05",,"0","http://localhost/folha/?p=146","12","nav_menu_item",,"0"
"147","1","2015-06-09 17:19:46","2015-06-09 17:19:46"," ",,,"publish","open","open",,"147",,,"2015-06-09 17:51:05","2015-06-09 17:51:05",,"0","http://localhost/folha/?p=147","17","nav_menu_item",,"0"
"148","1","2015-06-09 17:19:47","2015-06-09 17:19:47"," ",,,"publish","open","open",,"148",,,"2015-06-09 17:51:05","2015-06-09 17:51:05",,"0","http://localhost/folha/?p=148","19","nav_menu_item",,"0"
"149","1","2015-06-09 17:19:47","2015-06-09 17:19:47"," ",,,"publish","open","open",,"149",,,"2015-06-09 17:51:06","2015-06-09 17:51:06",,"0","http://localhost/folha/?p=149","21","nav_menu_item",,"0"
"150","1","2015-06-09 17:19:47","2015-06-09 17:19:47"," ",,,"publish","open","open",,"150",,,"2015-06-09 17:51:06","2015-06-09 17:51:06",,"0","http://localhost/folha/?p=150","31","nav_menu_item",,"0"
"151","1","2015-06-09 17:19:47","2015-06-09 17:19:47"," ",,,"publish","open","open",,"151",,,"2015-06-09 17:51:05","2015-06-09 17:51:05",,"0","http://localhost/folha/?p=151","16","nav_menu_item",,"0"
"152","1","2015-06-09 17:19:47","2015-06-09 17:19:47"," ",,,"publish","open","open",,"152",,,"2015-06-09 17:51:06","2015-06-09 17:51:06",,"0","http://localhost/folha/?p=152","24","nav_menu_item",,"0"
"153","1","2015-06-09 17:19:47","2015-06-09 17:19:47"," ",,,"publish","open","open",,"153",,,"2015-06-09 17:51:05","2015-06-09 17:51:05",,"0","http://localhost/folha/?p=153","7","nav_menu_item",,"0"
"154","1","2015-06-09 17:19:47","2015-06-09 17:19:47"," ",,,"publish","open","open",,"154",,,"2015-06-09 17:51:05","2015-06-09 17:51:05",,"0","http://localhost/folha/?p=154","13","nav_menu_item",,"0"
"155","1","2015-06-09 17:19:48","2015-06-09 17:19:48"," ",,,"publish","open","open",,"155",,,"2015-06-09 17:51:05","2015-06-09 17:51:05",,"0","http://localhost/folha/?p=155","20","nav_menu_item",,"0"
"156","1","2015-06-09 17:19:48","2015-06-09 17:19:48"," ",,,"publish","open","open",,"156",,,"2015-06-09 17:51:05","2015-06-09 17:51:05",,"0","http://localhost/folha/?p=156","8","nav_menu_item",,"0"
"157","1","2015-06-09 17:19:48","2015-06-09 17:19:48"," ",,,"publish","open","open",,"157",,,"2015-06-09 17:51:04","2015-06-09 17:51:04",,"0","http://localhost/folha/?p=157","2","nav_menu_item",,"0"
"158","1","2015-06-09 17:19:49","2015-06-09 17:19:49"," ",,,"publish","open","open",,"158",,,"2015-06-09 17:51:05","2015-06-09 17:51:05",,"0","http://localhost/folha/?p=158","9","nav_menu_item",,"0"
"159","1","2015-06-09 17:19:49","2015-06-09 17:19:49"," ",,,"publish","open","open",,"159",,,"2015-06-09 17:51:04","2015-06-09 17:51:04",,"0","http://localhost/folha/?p=159","3","nav_menu_item",,"0"
"160","1","2015-06-09 17:19:49","2015-06-09 17:19:49"," ",,,"publish","open","open",,"160",,,"2015-06-09 17:51:06","2015-06-09 17:51:06",,"0","http://localhost/folha/?p=160","28","nav_menu_item",,"0"
"161","1","2015-06-09 17:19:49","2015-06-09 17:19:49"," ",,,"publish","open","open",,"161",,,"2015-06-09 17:51:06","2015-06-09 17:51:06",,"0","http://localhost/folha/?p=161","32","nav_menu_item",,"0"
"162","1","2015-06-09 17:19:49","2015-06-09 17:19:49"," ",,,"publish","open","open",,"162",,,"2015-06-09 17:51:06","2015-06-09 17:51:06",,"0","http://localhost/folha/?p=162","33","nav_menu_item",,"0"
"163","1","2015-06-09 17:19:50","2015-06-09 17:19:50"," ",,,"publish","open","open",,"163",,,"2015-06-09 17:51:06","2015-06-09 17:51:06",,"0","http://localhost/folha/?p=163","34","nav_menu_item",,"0"
"164","1","2015-06-09 17:19:50","2015-06-09 17:19:50",,"Serviços",,"publish","open","open",,"164",,,"2015-06-09 17:51:05","2015-06-09 17:51:05",,"0","http://localhost/folha/?p=164","10","nav_menu_item",,"0"
"165","1","2015-06-09 17:19:50","2015-06-09 17:19:50"," ",,,"publish","open","open",,"165",,,"2015-06-09 17:51:05","2015-06-09 17:51:05",,"0","http://localhost/folha/?p=165","4","nav_menu_item",,"0"
"166","1","2015-06-09 17:19:50","2015-06-09 17:19:50"," ",,,"publish","open","open",,"166",,,"2015-06-09 17:51:06","2015-06-09 17:51:06",,"0","http://localhost/folha/?p=166","35","nav_menu_item",,"0"
"167","1","2015-06-09 17:19:50","2015-06-09 17:19:50"," ",,,"publish","open","open",,"167",,,"2015-06-09 17:51:05","2015-06-09 17:51:05",,"0","http://localhost/folha/?p=167","14","nav_menu_item",,"0"
"168","1","2015-06-09 17:19:50","2015-06-09 17:19:50"," ",,,"publish","open","open",,"168",,,"2015-06-09 17:51:06","2015-06-09 17:51:06",,"0","http://localhost/folha/?p=168","23","nav_menu_item",,"0"
"169","1","2015-06-09 17:19:51","2015-06-09 17:19:51"," ",,,"publish","open","open",,"169",,,"2015-06-09 17:51:05","2015-06-09 17:51:05",,"0","http://localhost/folha/?p=169","5","nav_menu_item",,"0"
"170","1","2015-06-09 17:19:51","2015-06-09 17:19:51"," ",,,"publish","open","open",,"170",,,"2015-06-09 17:51:07","2015-06-09 17:51:07",,"0","http://localhost/folha/?p=170","39","nav_menu_item",,"0"
"174","1","2015-06-09 19:59:39","2015-06-09 19:59:39"," ",,,"publish","open","open",,"174",,,"2015-06-09 19:59:39","2015-06-09 19:59:39",,"0","http://localhost/folha/?p=174","1","nav_menu_item",,"0"
"175","1","2015-06-09 19:59:39","2015-06-09 19:59:39"," ",,,"publish","open","open",,"175",,,"2015-06-09 19:59:39","2015-06-09 19:59:39",,"0","http://localhost/folha/?p=175","2","nav_menu_item",,"0"
"176","1","2015-06-09 19:59:40","2015-06-09 19:59:40"," ",,,"publish","open","open",,"176",,,"2015-06-09 19:59:40","2015-06-09 19:59:40",,"0","http://localhost/folha/?p=176","3","nav_menu_item",,"0"
"177","1","2015-06-09 19:59:40","2015-06-09 19:59:40"," ",,,"publish","open","open",,"177",,,"2015-06-09 19:59:40","2015-06-09 19:59:40",,"0","http://localhost/folha/?p=177","4","nav_menu_item",,"0"
"178","1","2015-06-09 20:00:38","2015-06-09 20:00:38"," ",,,"publish","open","open",,"178",,,"2015-06-09 20:00:38","2015-06-09 20:00:38",,"0","http://localhost/folha/?p=178","1","nav_menu_item",,"0"
"179","1","2015-06-09 20:00:38","2015-06-09 20:00:38"," ",,,"publish","open","open",,"179",,,"2015-06-09 20:00:38","2015-06-09 20:00:38",,"0","http://localhost/folha/?p=179","2","nav_menu_item",,"0"
"180","1","2015-06-09 20:00:38","2015-06-09 20:00:38"," ",,,"publish","open","open",,"180",,,"2015-06-09 20:00:38","2015-06-09 20:00:38",,"0","http://localhost/folha/?p=180","3","nav_menu_item",,"0"
"181","1","2015-06-09 20:01:49","2015-06-09 20:01:49"," ",,,"publish","open","open",,"181",,,"2015-06-09 20:01:49","2015-06-09 20:01:49",,"0","http://localhost/folha/?p=181","1","nav_menu_item",,"0"
"182","1","2015-06-09 20:01:50","2015-06-09 20:01:50"," ",,,"publish","open","open",,"182",,,"2015-06-09 20:01:50","2015-06-09 20:01:50",,"0","http://localhost/folha/?p=182","2","nav_menu_item",,"0"
"183","1","2015-06-09 20:01:50","2015-06-09 20:01:50"," ",,,"publish","open","open",,"183",,,"2015-06-09 20:01:50","2015-06-09 20:01:50",,"0","http://localhost/folha/?p=183","3","nav_menu_item",,"0"
"184","1","2015-06-09 20:01:50","2015-06-09 20:01:50"," ",,,"publish","open","open",,"184",,,"2015-06-09 20:01:50","2015-06-09 20:01:50",,"0","http://localhost/folha/?p=184","4","nav_menu_item",,"0"
"185","1","2015-06-09 20:01:50","2015-06-09 20:01:50"," ",,,"publish","open","open",,"185",,,"2015-06-09 20:01:50","2015-06-09 20:01:50",,"0","http://localhost/folha/?p=185","5","nav_menu_item",,"0"
"186","1","2015-06-09 20:01:50","2015-06-09 20:01:50"," ",,,"publish","open","open",,"186",,,"2015-06-09 20:01:50","2015-06-09 20:01:50",,"0","http://localhost/folha/?p=186","6","nav_menu_item",,"0"
"187","1","2015-06-09 20:02:35","2015-06-09 20:02:35"," ",,,"publish","open","open",,"187",,,"2015-06-09 20:02:35","2015-06-09 20:02:35",,"0","http://localhost/folha/?p=187","1","nav_menu_item",,"0"
"188","1","2015-06-09 20:02:35","2015-06-09 20:02:35"," ",,,"publish","open","open",,"188",,,"2015-06-09 20:02:35","2015-06-09 20:02:35",,"0","http://localhost/folha/?p=188","2","nav_menu_item",,"0"
"189","1","2015-06-09 20:02:35","2015-06-09 20:02:35"," ",,,"publish","open","open",,"189",,,"2015-06-09 20:02:35","2015-06-09 20:02:35",,"0","http://localhost/folha/?p=189","3","nav_menu_item",,"0"
"190","1","2015-06-09 20:04:05","2015-06-09 20:04:05"," ",,,"publish","open","open",,"190",,,"2015-06-09 20:04:05","2015-06-09 20:04:05",,"0","http://localhost/folha/?p=190","1","nav_menu_item",,"0"
"191","1","2015-06-09 20:04:05","2015-06-09 20:04:05"," ",,,"publish","open","open",,"191",,,"2015-06-09 20:04:05","2015-06-09 20:04:05",,"0","http://localhost/folha/?p=191","2","nav_menu_item",,"0"
"192","1","2015-06-09 20:13:08","2015-06-09 20:13:08"," ",,,"publish","open","open",,"192",,,"2015-06-09 20:13:08","2015-06-09 20:13:08",,"0","http://localhost/folha/?p=192","1","nav_menu_item",,"0"
"193","1","2015-06-09 20:13:09","2015-06-09 20:13:09"," ",,,"publish","open","open",,"193",,,"2015-06-09 20:13:09","2015-06-09 20:13:09",,"0","http://localhost/folha/?p=193","2","nav_menu_item",,"0"
"194","1","2015-06-09 20:13:09","2015-06-09 20:13:09"," ",,,"publish","open","open",,"194",,,"2015-06-09 20:13:09","2015-06-09 20:13:09",,"0","http://localhost/folha/?p=194","3","nav_menu_item",,"0"
"195","1","2015-06-09 20:13:39","2015-06-09 20:13:39"," ",,,"publish","open","open",,"195",,,"2015-06-09 20:13:39","2015-06-09 20:13:39",,"0","http://localhost/folha/?p=195","1","nav_menu_item",,"0"
"196","1","2015-06-09 20:13:39","2015-06-09 20:13:39"," ",,,"publish","open","open",,"196",,,"2015-06-09 20:13:39","2015-06-09 20:13:39",,"0","http://localhost/folha/?p=196","2","nav_menu_item",,"0"
"197","1","2015-06-09 20:13:39","2015-06-09 20:13:39"," ",,,"publish","open","open",,"197",,,"2015-06-09 20:13:39","2015-06-09 20:13:39",,"0","http://localhost/folha/?p=197","3","nav_menu_item",,"0"
"198","1","2015-06-09 20:13:39","2015-06-09 20:13:39"," ",,,"publish","open","open",,"198",,,"2015-06-09 20:13:39","2015-06-09 20:13:39",,"0","http://localhost/folha/?p=198","4","nav_menu_item",,"0"
"199","1","2015-06-09 20:13:57","2015-06-09 20:13:57"," ",,,"publish","open","open",,"199",,,"2015-06-09 20:13:57","2015-06-09 20:13:57",,"0","http://localhost/folha/?p=199","1","nav_menu_item",,"0"
"200","1","2015-06-09 20:14:23","2015-06-09 20:14:23"," ",,,"publish","open","open",,"200",,,"2015-06-09 20:14:23","2015-06-09 20:14:23",,"0","http://localhost/folha/?p=200","1","nav_menu_item",,"0"
"201","1","2015-06-09 20:14:23","2015-06-09 20:14:23"," ",,,"publish","open","open",,"201",,,"2015-06-09 20:14:23","2015-06-09 20:14:23",,"0","http://localhost/folha/?p=201","2","nav_menu_item",,"0"
"202","1","2015-06-09 20:14:23","2015-06-09 20:14:23"," ",,,"publish","open","open",,"202",,,"2015-06-09 20:14:23","2015-06-09 20:14:23",,"0","http://localhost/folha/?p=202","3","nav_menu_item",,"0"
"203","1","2015-07-20 14:48:40","0000-00-00 00:00:00",,"Rascunho automático",,"auto-draft","open","open",,,,,"2015-07-20 14:48:40","0000-00-00 00:00:00",,"0","http://localhost/folha/?p=203","0","post",,"0"
