"1","1","category",,"0","0"
"4","4","category",,"0","0"
"5","5","category",,"0","0"
"7","7","category",,"0","0"
"9","9","category",,"0","0"
"10","10","category",,"0","0"
"12","12","category",,"0","0"
"13","13","category",,"0","0"
"14","14","category",,"0","0"
"15","15","category",,"0","0"
"16","16","category",,"0","0"
"17","17","category",,"0","0"
"18","18","category",,"0","0"
"19","19","category",,"0","0"
"20","20","category",,"0","0"
"21","21","category",,"0","0"
"22","22","category",,"0","0"
"23","23","category",,"0","4"
"24","24","category",,"0","0"
"25","25","category",,"0","0"
"26","26","category",,"0","0"
"27","27","category",,"0","0"
"28","28","category",,"0","0"
"29","29","category",,"0","0"
"30","30","category",,"0","0"
"31","31","category",,"0","0"
"32","32","category",,"0","0"
"33","33","category",,"0","0"
"34","34","category",,"0","0"
"35","35","category",,"0","0"
"36","36","category",,"0","0"
"37","37","category",,"0","0"
"38","38","category",,"0","0"
"39","39","category",,"0","0"
"40","40","category",,"0","0"
"41","41","category",,"0","0"
"42","42","category",,"0","0"
"43","43","category",,"0","0"
"44","44","category",,"0","0"
"45","45","nav_menu",,"0","39"
"65","65","nav_menu",,"0","4"
"66","66","nav_menu",,"0","3"
"67","67","nav_menu",,"0","6"
"68","68","nav_menu",,"0","3"
"69","69","nav_menu",,"0","2"
"70","70","nav_menu",,"0","3"
"71","71","nav_menu",,"0","4"
"72","72","nav_menu",,"0","1"
"73","73","nav_menu",,"0","3"
"74","74","nav_menu",,"0","0"
